setting,task,model,accuracy,precision,recall,f1
intra_dataset_test,binary,wav2vec2,0.9025833502400757,0.920174672489083,0.952406779661017,0.9360133259300388
