setting,task,model,accuracy,precision,recall,f1
intra_dataset_test,severity,wav2vec2,0.09712418300653594,0.11767154033530662,0.09250959643116506,0.07755768544500026
